,Count,Sum/Count
abound,5,2.0
abundant,6,2.1666666666666665
accessible,12,2.4166666666666665
acclaim,3,3.0
acclaimed,2,3.0
accomplish,4,2.5
accomplished,18,3.0
accomplishment,11,3.0
accurate,8,2.75
accurately,7,2.2857142857142856
achievement,27,3.4074074074074074
acumen,3,3.0
adequate,12,2.0833333333333335
admirable,24,3.25
admirably,9,2.4444444444444446
admiration,4,2.25
admire,10,2.8
admirer,6,2.6666666666666665
admiring,1,3.0
adorable,6,2.3333333333333335
adored,1,4.0
adoring,3,2.6666666666666665
adroit,3,2.6666666666666665
advanced,3,2.0
advantage,16,2.375
adventurous,11,3.1818181818181817
affability,3,2.3333333333333335
affable,7,2.2857142857142856
affectation,2,2.5
affection,23,2.652173913043478
affectionate,7,2.857142857142857
affinity,2,1.5
affirm,1,3.0
affluence,3,2.6666666666666665
affluent,3,2.0
afford,4,2.25
agile,5,2.0
agreeably,4,2.75
alluring,10,3.1
amaze,3,3.3333333333333335
amazement,2,2.5
amazing,29,3.586206896551724
amazingly,10,2.5
ambitious,57,2.3859649122807016
ambitiously,3,2.3333333333333335
amiable,13,2.3846153846153846
amicable,5,2.8
ample,3,2.6666666666666665
amuse,5,2.6
amusing,89,2.966292134831461
angel,15,2.2666666666666666
appeal,40,2.65
appealing,48,3.0416666666666665
appreciate,10,2.5
appreciated,2,3.0
appreciates,3,3.0
appreciative,1,3.0
appropriate,10,2.3
ardent,4,2.5
ardently,3,2.0
ardor,3,2.3333333333333335
articulate,8,2.5
aspiration,11,2.1818181818181817
aspire,1,2.0
assurance,3,3.0
assuredly,2,3.0
astonish,5,3.4
astonishing,12,3.1666666666666665
astonishingly,15,2.6
astounding,5,3.4
astoundingly,4,3.75
attentive,1,3.0
attraction,26,2.1153846153846154
attractive,18,3.1666666666666665
auspicious,3,2.6666666666666665
authentic,13,3.0
available,7,2.142857142857143
avid,3,3.0
award,23,2.347826086956522
awarded,2,2.5
awe,11,2.727272727272727
awed,1,3.0
awesome,4,3.75
backbone,3,2.6666666666666665
balanced,9,2.7777777777777777
beautiful,83,3.3373493975903616
beautifully,69,3.4347826086956523
beauty,53,2.660377358490566
beckons,3,2.3333333333333335
believable,33,2.787878787878788
beloved,8,2.875
benefit,10,2.7
benevolent,3,2.0
best,210,3.066666666666667
better,193,2.2487046632124352
bless,4,2.25
bliss,4,3.5
blissfully,4,2.75
blithe,6,2.3333333333333335
blockbuster,15,2.7333333333333334
blossom,4,2.0
bolster,2,2.5
bonus,8,2.375
boom,10,2.1
boost,5,2.6
boundless,4,2.75
brainy,3,2.0
brave,8,3.25
bravery,5,2.8
bravo,5,2.4
breakthrough,10,3.3
breathtaking,15,3.533333333333333
breathtakingly,5,3.8
bright,21,2.7142857142857144
brilliance,8,3.0
brilliant,67,3.626865671641791
brilliantly,7,3.857142857142857
brisk,13,2.6153846153846154
buoyant,19,2.8421052631578947
calm,10,2.4
capability,3,2.0
capable,22,2.3636363636363638
capably,1,2.0
captivating,15,3.6666666666666665
celebrate,2,3.0
celebrated,3,3.3333333333333335
celebration,10,2.9
celebratory,3,3.0
champion,2,2.5
charisma,18,2.8333333333333335
charismatic,13,2.923076923076923
charitable,3,2.0
charm,91,2.6373626373626373
charming,77,3.25974025974026
cheaper,2,2.0
cheer,12,2.8333333333333335
cheery,5,2.6
cherish,4,2.75
cherished,5,3.2
clarity,24,2.8333333333333335
classic,82,2.6219512195121952
classy,6,2.8333333333333335
clean,12,2.8333333333333335
cleaner,8,2.75
clear,34,2.176470588235294
clearly,18,2.3333333333333335
clever,100,2.99
cleverly,7,3.142857142857143
coherence,3,2.0
coherent,16,2.5625
cohesive,14,2.7142857142857144
colorful,36,2.9444444444444446
comfort,15,2.466666666666667
comfortable,16,2.375
comfortably,4,2.75
comforting,6,2.8333333333333335
comfy,3,2.3333333333333335
commend,2,2.0
commendable,2,2.5
commitment,7,2.2857142857142856
compassion,20,2.65
compassionate,5,3.0
compatible,4,3.25
compliment,4,2.75
confidence,8,2.875
confident,12,3.1666666666666665
congratulate,2,2.0
consistent,9,2.6666666666666665
consistently,31,2.838709677419355
consummate,4,2.75
continuity,9,1.8888888888888888
contribution,9,2.7777777777777777
convenience,3,2.0
convenient,13,1.8461538461538463
convincing,44,2.8636363636363638
convincingly,7,3.0
cool,50,2.6
cooperative,3,2.0
correct,5,2.0
correctly,2,3.0
courage,20,2.8
courageous,5,3.0
courageousness,4,3.5
creative,47,3.0
credible,20,2.8
crisp,18,2.8333333333333335
crisper,4,2.5
cure,4,2.25
cute,33,2.696969696969697
cuteness,10,2.7
daring,18,2.888888888888889
daringly,4,1.75
darling,5,2.4
dashing,5,2.8
dawn,8,2.25
dazzle,4,2.5
dazzling,22,3.3636363636363638
decency,11,2.0
decent,48,2.75
decisive,4,2.75
dedicated,3,3.0
defeat,2,2.0
defeated,4,2.0
deft,18,2.5555555555555554
delectable,5,3.4
delicate,29,2.586206896551724
delicious,13,3.1538461538461537
delight,47,3.3191489361702127
delighted,2,3.0
delightful,42,3.380952380952381
delightfully,16,3.5
dependable,4,2.75
deserving,2,2.5
desirable,3,3.0
destiny,7,2.0
dignified,2,3.0
dignity,18,2.2222222222222223
distinction,8,2.125
distinctive,13,2.6923076923076925
distinguished,8,3.5
divine,6,2.6666666666666665
dominate,4,2.0
dominated,2,2.5
dominates,1,3.0
durable,4,2.5
dynamic,21,2.5238095238095237
eager,11,2.5454545454545454
eagerness,4,2.25
earnest,51,2.392156862745098
earnestness,10,2.3
ease,5,2.6
easier,9,2.2222222222222223
easy,70,2.2714285714285714
ebullient,5,2.8
economical,5,2.8
ecstasy,3,3.3333333333333335
effective,36,2.6944444444444446
effectively,6,2.8333333333333335
effectiveness,4,2.75
efficient,7,3.0
efficiently,3,3.0
effortless,5,3.4
effortlessly,6,2.6666666666666665
elegance,5,3.0
elegant,22,3.272727272727273
elegantly,9,3.3333333333333335
elevate,3,2.6666666666666665
elite,4,2.5
eloquence,6,3.0
eloquent,18,3.111111111111111
eloquently,3,2.6666666666666665
empathize,3,3.0
empathy,19,2.263157894736842
empowerment,14,2.2142857142857144
enchanted,2,3.0
enchanting,5,3.4
encourage,1,4.0
encouraging,11,2.727272727272727
endear,2,3.0
endearing,40,2.95
endorsement,2,2.5
endorses,3,2.3333333333333335
energetic,27,3.1481481481481484
engaging,71,3.140845070422535
engrossing,47,3.148936170212766
enhance,1,3.0
enhanced,1,3.0
enhances,2,3.0
enjoy,42,2.9523809523809526
enjoyable,102,3.235294117647059
enjoyably,9,3.3333333333333335
enjoyed,14,3.2142857142857144
enjoying,3,3.3333333333333335
enjoyment,5,3.0
enjoys,2,3.0
enlightenment,3,2.6666666666666665
enliven,3,2.3333333333333335
enough,229,2.2707423580786026
entertain,14,3.0
entertaining,182,3.065934065934066
entertains,5,2.2
enthrall,2,3.5
enthusiasm,20,2.75
enthusiast,2,2.5
enthusiastic,12,3.1666666666666665
enthusiastically,1,3.0
enticing,10,2.8
entranced,6,2.8333333333333335
envious,4,2.25
ethical,5,2.2
euphoria,2,3.5
evenly,1,2.0
eventful,2,3.0
everlasting,5,2.0
evocative,23,3.3043478260869565
exalted,6,2.1666666666666665
exceeding,3,3.0
exceedingly,12,3.3333333333333335
exceeds,7,3.142857142857143
excellence,4,2.25
excellent,43,3.627906976744186
excels,1,3.0
exceptional,14,3.5714285714285716
exceptionally,11,2.8181818181818183
excite,1,3.0
excited,2,2.5
excitement,24,2.6666666666666665
excites,3,3.3333333333333335
exciting,36,3.361111111111111
exhilarating,27,3.4444444444444446
exhilaratingly,5,1.6
expertly,4,2.0
exquisite,16,3.4375
exquisitely,3,3.3333333333333335
extraordinarily,13,3.230769230769231
extraordinary,28,3.5357142857142856
exuberance,9,2.5555555555555554
exuberant,3,3.3333333333333335
exuberantly,2,3.5
eyecatching,5,3.0
fabulous,4,2.5
fabulously,3,3.6666666666666665
fair,17,2.235294117647059
fairly,64,1.921875
fairness,3,2.3333333333333335
faith,26,2.230769230769231
faithful,14,2.7142857142857144
fame,2,2.0
famed,2,3.0
famous,13,2.3846153846153846
fancy,15,2.066666666666667
fantastic,27,3.5185185185185186
fantastically,4,3.75
fascinate,8,2.0
fascinating,106,3.2735849056603774
fascination,6,2.6666666666666665
fast,28,1.6785714285714286
faster,16,2.1875
favor,15,2.1333333333333333
favored,1,3.0
favorite,17,2.6470588235294117
favour,2,2.5
fearless,5,2.8
fearlessly,1,3.0
feat,15,2.6666666666666665
feisty,7,2.2857142857142856
fertile,2,2.5
fervently,6,2.0
fervid,3,2.6666666666666665
fiery,7,3.142857142857143
fine,69,3.0869565217391304
finely,19,3.3684210526315788
finest,11,3.4545454545454546
firmer,2,2.0
flashy,17,2.235294117647059
flatter,7,2.0
flattering,3,2.3333333333333335
flawless,4,3.75
flexible,4,3.25
flourish,13,2.6153846153846154
fluent,7,1.8571428571428572
fondly,1,3.0
fondness,6,2.5
foremost,3,2.3333333333333335
formidable,3,2.0
fortunately,1,2.0
fortune,6,2.0
free,13,2.076923076923077
freedom,9,2.4444444444444446
fresh,66,2.893939393939394
fresher,3,2.3333333333333335
friendly,6,3.0
frolic,2,1.5
fruitful,3,2.6666666666666665
fun,167,3.0059880239520957
futuristic,4,2.5
gaiety,4,1.75
gain,2,2.5
gained,4,2.25
gaining,3,2.0
galore,3,2.6666666666666665
gem,24,3.2083333333333335
generosity,8,2.5
generous,18,2.9444444444444446
genial,13,2.3846153846153846
genius,10,3.1
gentle,50,2.84
genuine,38,3.263157894736842
gifted,17,2.823529411764706
glamorous,3,2.6666666666666665
glee,4,2.5
gleefully,4,3.0
glimmer,3,2.3333333333333335
glitter,5,2.0
glitz,5,2.2
glorious,10,3.0
gloriously,10,3.0
glory,13,2.1538461538461537
glow,5,3.0
gold,5,2.8
golden,5,2.6
good,480,2.902083333333333
goodly,3,2.3333333333333335
goodness,2,3.0
goodwill,8,2.625
gorgeous,51,3.4705882352941178
gorgeously,13,3.076923076923077
grace,32,2.71875
graceful,13,3.1538461538461537
gracefully,5,3.2
gracious,3,3.6666666666666665
grand,21,2.2857142857142856
grandeur,16,2.8125
grateful,3,2.6666666666666665
gratefully,3,2.3333333333333335
gratify,1,2.0
gratitude,3,2.6666666666666665
great,186,3.096774193548387
greatest,28,3.0357142857142856
greatness,11,3.3636363636363638
grin,6,2.3333333333333335
groundbreaking,4,3.25
guarantee,4,2.75
guiltless,3,2.3333333333333335
gusto,6,2.6666666666666665
gutsy,3,3.0
hail,2,2.0
hallmark,18,2.0555555555555554
handily,1,3.0
handsome,16,2.6875
handsomely,8,2.875
handy,4,2.0
happily,6,3.0
happiness,12,2.5
happy,23,2.782608695652174
hardy,5,2.4
harmless,26,2.3461538461538463
harmoniously,4,2.5
heal,9,2.0
healthy,4,2.5
heartening,3,3.0
heartfelt,37,3.2432432432432434
heartily,3,1.6666666666666667
heartwarming,22,3.272727272727273
heaven,27,2.2222222222222223
helped,4,2.75
helpful,1,3.0
helping,8,2.375
hero,51,2.2941176470588234
heroic,7,3.0
heroine,13,2.3846153846153846
hilarious,65,3.3846153846153846
holy,6,1.8333333333333333
homage,22,2.090909090909091
honest,60,3.0833333333333335
honesty,11,3.1818181818181817
honor,10,2.2
honorable,6,2.3333333333333335
honored,3,2.6666666666666665
honoring,1,3.0
hopeful,15,2.8
hot,22,2.0
hottest,3,2.6666666666666665
hug,8,2.625
humane,10,2.8
humble,8,2.625
humility,4,2.0
humor,184,2.4619565217391304
humorous,27,3.111111111111111
humorously,2,2.5
humour,26,2.230769230769231
ideal,8,2.5
ideally,2,3.0
idol,3,2.6666666666666665
illuminate,1,3.0
illuminating,9,3.3333333333333335
imaginative,27,3.2222222222222223
immaculate,3,3.0
immaculately,1,3.0
immense,3,2.6666666666666665
impeccable,13,3.230769230769231
impeccably,2,3.0
important,40,2.875
impress,7,2.7142857142857144
impressed,2,3.0
impressive,39,3.5128205128205128
impressively,6,2.8333333333333335
improve,8,2.5
improved,5,3.0
improvement,7,2.0
improves,3,2.6666666666666665
incredible,6,3.5
incredibly,27,1.8888888888888888
indulgence,5,1.6
indulgent,14,1.6428571428571428
influential,4,2.5
ingenious,20,3.3
ingeniously,2,3.5
ingenuity,3,2.6666666666666665
innocuous,7,1.5714285714285714
innovation,13,2.6153846153846154
innovative,4,3.25
insightful,32,3.0
insightfully,8,3.375
inspiration,18,2.9444444444444446
inspirational,18,3.1666666666666665
inspire,5,2.4
inspiring,30,3.1666666666666665
instantly,15,1.1333333333333333
instructive,4,3.0
integrated,4,2.25
intelligence,60,2.6666666666666665
intelligent,78,3.230769230769231
interesting,151,2.589403973509934
intimacy,16,2.4375
intimate,33,2.878787878787879
intricate,18,2.7777777777777777
intrigue,19,2.1578947368421053
intriguing,73,3.0547945205479454
intriguingly,5,2.6
invaluable,12,2.5
inventive,38,3.263157894736842
invigorating,5,2.8
invincible,4,2.75
invulnerable,1,2.0
irresistible,12,3.1666666666666665
irresistibly,4,3.0
jolly,2,2.5
jovial,4,3.0
joy,25,2.88
joyful,3,3.6666666666666665
joyous,15,3.466666666666667
judicious,3,2.3333333333333335
keen,6,2.6666666666666665
keenly,3,2.6666666666666665
kindness,3,2.6666666666666665
kudos,1,2.0
laudable,6,2.8333333333333335
lavish,9,2.888888888888889
lavishly,2,2.0
lead,55,2.1272727272727274
leading,6,2.1666666666666665
lean,2,2.0
led,1,2.0
legendary,9,2.4444444444444446
levity,3,3.0
liberation,5,2.2
liberty,6,1.8333333333333333
lighter,2,2.5
likable,16,3.0625
like,357,2.0
liked,15,2.8
liking,6,2.5
lively,11,2.909090909090909
logical,6,2.1666666666666665
lovable,7,2.4285714285714284
lovably,2,3.0
love,275,2.5527272727272727
loved,17,3.3529411764705883
lovely,39,3.2051282051282053
lover,16,2.125
loving,8,2.625
loyal,5,2.6
loyalty,5,2.6
lucid,3,2.3333333333333335
luck,14,2.2142857142857144
luckiest,5,3.0
lucky,9,2.111111111111111
luminous,3,3.3333333333333335
lush,12,3.0833333333333335
luster,7,2.0
lustrous,4,3.0
lyrical,17,2.2941176470588234
magic,38,2.789473684210526
magical,9,3.5555555555555554
magnificent,10,3.9
majestic,4,4.0
marvel,14,2.9285714285714284
marveled,1,3.0
marvelous,16,3.5625
marvelously,8,3.375
master,32,2.625
masterful,19,3.789473684210526
masterfully,11,3.727272727272727
masterpiece,36,3.388888888888889
mature,17,2.5294117647058822
maturity,3,3.0
meaningful,13,2.923076923076923
memorable,60,2.8333333333333335
mercy,2,2.0
merit,23,2.4782608695652173
merrily,2,3.0
merry,3,2.3333333333333335
mesmerize,2,3.0
mesmerizing,23,3.260869565217391
meticulous,3,2.6666666666666665
meticulously,3,2.0
mighty,3,2.3333333333333335
miracle,8,2.625
miraculous,3,4.0
modern,70,2.1285714285714286
modest,26,2.730769230769231
modesty,5,2.6
monumental,4,4.0
morality,17,2.2941176470588234
motivated,11,2.0
neat,18,2.7777777777777777
neatly,5,2.8
nice,43,2.86046511627907
nicely,17,2.823529411764706
nicest,5,2.6
nifty,11,2.6363636363636362
nimble,6,2.6666666666666665
noble,14,2.2142857142857144
notably,3,2.0
noteworthy,2,3.0
nourishing,4,2.5
novelty,2,2.0
obsession,23,1.9565217391304348
openly,2,2.0
openness,9,2.7777777777777777
optimism,4,2.25
optimistic,8,2.875
opulent,3,2.6666666666666665
originality,19,2.6315789473684212
outshine,1,3.0
outstanding,12,3.5833333333333335
overtake,3,2.0
overture,3,2.6666666666666665
painless,4,2.0
panoramic,8,2.5
paramount,4,1.75
pardon,4,2.0
passion,65,2.6615384615384614
passionate,11,2.909090909090909
passionately,3,3.0
patience,13,2.076923076923077
patient,15,2.2666666666666666
patiently,3,2.0
patriot,2,2.5
patriotic,2,2.5
peace,6,2.6666666666666665
pep,5,2.2
perfect,46,3.217391304347826
perfection,9,4.0
perfectly,41,3.024390243902439
perseverance,4,2.25
phenomenal,11,3.1818181818181817
pinnacle,6,2.5
playful,26,3.0
playfully,4,3.25
pleasant,31,3.129032258064516
pleasantly,5,2.8
pleased,3,2.6666666666666665
pleasing,13,3.0
pleasingly,3,3.3333333333333335
pleasurable,12,3.25
pleasure,66,2.787878787878788
poetic,29,2.689655172413793
poignant,35,2.9714285714285715
poise,3,3.0
poised,1,2.0
polished,13,3.230769230769231
polite,1,2.0
popular,6,2.5
positive,21,2.857142857142857
positively,9,2.111111111111111
powerful,86,3.2325581395348837
powerfully,6,3.0
praise,13,2.5384615384615383
praiseworthy,1,4.0
precious,14,2.4285714285714284
precise,4,2.5
precisely,8,2.75
prefer,3,2.3333333333333335
preferable,5,2.4
preferably,2,2.0
preferring,1,2.0
pretty,126,2.380952380952381
priceless,4,3.5
pride,7,2.2857142857142856
principled,2,2.5
privileged,6,2.0
proficient,9,2.111111111111111
proficiently,1,2.0
profound,18,3.0555555555555554
profoundly,9,1.7777777777777777
progress,1,2.0
progressive,3,2.0
prolific,3,2.6666666666666665
prominence,2,2.0
prominent,3,3.0
promise,46,2.5217391304347827
promised,2,2.0
promising,16,2.75
proper,13,2.5384615384615383
properly,16,2.6875
protect,4,2.25
protective,4,2.25
proud,11,3.090909090909091
proven,2,2.0
proving,1,2.0
prowess,4,2.75
pure,52,2.480769230769231
purposeful,2,2.5
quaint,7,2.857142857142857
qualify,3,2.3333333333333335
quiet,39,2.358974358974359
quieter,7,1.8571428571428572
radiant,5,3.2
rapid,7,2.0
rapport,3,2.0
rapt,7,2.142857142857143
rapture,4,2.0
rapturous,1,1.0
readily,3,2.0
ready,4,2.0
realistic,30,2.9
reasonable,5,2.4
reasonably,22,2.772727272727273
reassure,4,1.75
recommend,24,2.7916666666666665
recommendation,7,2.5714285714285716
recommended,3,3.0
reconciliation,2,2.0
recovery,7,2.0
redeem,1,2.0
redeeming,8,2.25
redemption,12,1.8333333333333333
refined,4,3.0
refresh,3,3.0
refreshed,8,2.875
refreshing,23,3.0869565217391304
regard,6,2.1666666666666665
relaxed,6,2.5
reliable,8,2.5
relief,11,2.727272727272727
relish,2,2.5
remarkable,46,3.4565217391304346
remarkably,29,3.310344827586207
renaissance,4,2.0
renowned,4,2.75
reputation,11,2.0
resourceful,11,2.8181818181818183
respect,25,2.76
respectable,20,2.6
respite,8,2.375
restored,4,2.0
revel,5,2.2
revelation,22,2.409090909090909
reverence,5,1.4
reverent,7,3.142857142857143
revitalize,1,3.0
revives,1,2.0
revolutionary,10,2.6
reward,21,2.9047619047619047
rewarding,21,2.9523809523809526
rich,55,3.0
richer,9,2.3333333333333335
richly,12,3.1666666666666665
richness,8,2.75
right,124,2.4274193548387095
righteousness,3,2.6666666666666665
rightly,3,3.0
robust,6,2.3333333333333335
romantic,137,2.4160583941605838
safe,10,1.9
safely,1,2.0
salute,6,2.6666666666666665
sane,13,2.3846153846153846
satisfactorily,1,3.0
satisfactory,8,2.125
satisfied,5,2.6
satisfies,3,3.3333333333333335
satisfy,2,3.5
satisfying,66,3.1666666666666665
savvy,16,3.0625
scenic,9,2.6666666666666665
seamless,3,3.0
seasoned,4,2.0
sensation,5,2.8
sensational,10,3.1
sensitive,39,2.6923076923076925
serene,1,3.0
serenity,6,3.0
sexy,37,3.0
sharp,36,2.7222222222222223
sharper,5,3.0
shimmering,4,3.25
shimmeringly,3,3.3333333333333335
shine,13,3.1538461538461537
shiny,3,2.3333333333333335
significant,12,2.8333333333333335
silent,13,1.8461538461538463
simpler,4,2.25
simplify,2,2.0
sincere,35,2.657142857142857
sincerely,3,3.3333333333333335
sincerity,13,2.923076923076923
skill,37,2.5405405405405403
skilled,2,3.0
skillful,11,3.3636363636363638
skillfully,6,3.1666666666666665
sleek,6,2.8333333333333335
slick,12,2.75
smart,92,3.0543478260869565
smarter,12,2.5833333333333335
smartest,6,2.8333333333333335
smartly,10,3.5
smile,28,2.392857142857143
smiling,6,2.3333333333333335
smitten,1,2.0
smooth,5,2.6
smoother,9,2.3333333333333335
smoothly,6,3.1666666666666665
snappy,9,2.7777777777777777
snazzy,2,3.0
soft,6,2.0
solace,4,1.5
solid,75,3.08
soothe,3,2.3333333333333335
sophisticated,28,2.75
soulful,16,2.875
sparkle,4,3.25
sparkling,12,3.25
spectacular,17,3.0
spectacularly,11,2.727272727272727
speedy,3,1.6666666666666667
spellbinding,5,3.2
spirited,11,2.8181818181818183
spiritual,30,2.4
splendid,19,3.526315789473684
splendidly,3,3.0
splendor,7,3.2857142857142856
spontaneous,6,2.6666666666666665
sprightly,6,2.8333333333333335
stability,3,1.6666666666666667
standout,4,4.0
stately,8,2.25
steadfast,1,3.0
steadfastly,2,2.0
steady,5,2.6
stellar,4,3.5
stimulate,1,3.0
stimulating,5,2.8
straightforward,21,2.5714285714285716
streamlined,4,2.25
striking,16,2.6875
strikingly,3,2.6666666666666665
striving,2,2.5
strong,83,2.9156626506024095
stronger,10,2.3
strongest,6,3.0
stunning,26,3.576923076923077
stunningly,5,1.6
stylish,43,3.13953488372093
stylishly,2,3.0
stylized,11,2.5454545454545454
sublime,10,2.5
substantive,4,3.0
succeed,5,2.4
succeeded,4,3.25
succeeds,13,3.076923076923077
success,44,3.090909090909091
successful,36,2.9166666666666665
successfully,3,3.0
suffice,1,2.0
sufficient,3,2.3333333333333335
sufficiently,3,2.6666666666666665
suitable,3,2.6666666666666665
sumptuous,13,3.0
super,8,2.5
superb,23,3.608695652173913
superbly,6,3.5
superior,27,3.259259259259259
supple,3,2.0
support,6,1.6666666666666667
supporting,19,2.263157894736842
supremely,9,2.7777777777777777
surreal,18,2.388888888888889
survival,8,2.25
survivor,7,2.2857142857142856
swank,5,2.0
sweeping,14,2.7142857142857144
sweet,107,2.9813084112149535
sweetheart,6,2.6666666666666665
sweetly,13,3.3076923076923075
sweetness,15,2.8666666666666667
swift,3,2.0
talent,69,2.5652173913043477
talented,39,3.051282051282051
tempting,7,2.4285714285714284
temptingly,3,2.3333333333333335
tenacious,8,2.375
tender,30,2.966666666666667
tenderly,1,2.0
terrific,65,3.5846153846153848
terrifically,4,3.75
thank,3,2.6666666666666665
thoughtful,50,3.12
thoughtfully,7,3.142857142857143
thoughtfulness,4,2.75
thrill,36,2.8333333333333335
thrilled,4,2.75
thrilling,6,3.3333333333333335
thrillingly,1,3.0
tickle,2,3.5
timely,25,2.68
titillating,4,3.25
togetherness,2,2.5
tolerable,4,1.0
top,27,2.5185185185185186
topnotch,13,3.6923076923076925
tough,15,2.0
tougher,6,2.1666666666666665
toughest,3,2.0
tranquil,2,2.5
transparent,6,1.3333333333333333
treasure,21,2.857142857142857
tremendously,4,3.5
triumph,32,2.90625
triumphant,9,3.4444444444444446
triumphantly,3,2.6666666666666665
trump,2,3.5
trumpet,2,2.0
trust,10,2.2
trusted,2,2.5
trusting,3,2.6666666666666665
truthful,11,2.5454545454545454
unabashed,6,2.5
unabashedly,10,2.5
unaffected,5,2.2
unconditional,4,2.25
understandable,4,2.5
undisputed,2,2.5
unequivocally,3,2.3333333333333335
unforgettable,11,3.272727272727273
unity,3,2.6666666666666665
unlimited,4,2.25
unparalleled,4,2.75
unwavering,4,2.25
upbeat,10,2.9
uplift,3,2.6666666666666665
uplifting,19,3.3684210526315788
upscale,5,2.4
useful,1,2.0
valiant,1,3.0
valiantly,1,3.0
valuable,9,3.0
variety,12,1.9166666666666667
versatile,2,2.5
vibrant,23,3.4347826086956523
vibrantly,3,3.3333333333333335
victorious,4,2.75
victory,5,2.0
virtue,18,2.1666666666666665
virtuous,4,3.25
visionary,5,2.8
vivacious,2,3.0
vivid,27,3.2962962962962963
warm,39,3.051282051282051
warmth,30,3.0
welcome,34,2.6176470588235294
well,151,2.6490066225165565
wholesome,10,3.1
willing,5,2.0
willingly,1,2.0
willingness,2,2.0
win,27,2.5555555555555554
winner,25,3.12
winning,28,3.1785714285714284
wisdom,7,3.0
wise,26,2.8076923076923075
wisely,2,2.5
witty,36,3.138888888888889
won,9,3.111111111111111
wonder,30,2.566666666666667
wonderful,54,3.3518518518518516
wonderfully,23,3.3043478260869565
wonderous,3,3.6666666666666665
wondrous,8,3.0
woo,15,2.0
work,335,2.4149253731343285
workable,3,2.3333333333333335
worked,12,2.5
worth,107,2.710280373831776
worthwhile,31,3.161290322580645
worthy,34,2.823529411764706
wow,17,2.411764705882353
youthful,10,2.5
zeal,7,2.142857142857143
zest,4,1.75
zippy,7,3.0
abomination,3,1.0
aborted,3,1.3333333333333333
abrasive,3,1.6666666666666667
abrupt,6,1.5
absence,2,2.0
absurd,21,1.0476190476190477
absurdity,19,1.105263157894737
absurdly,7,0.8571428571428571
abuse,15,1.3333333333333333
abused,3,1.3333333333333333
abysmal,4,1.0
abysmally,2,0.5
abyss,4,1.25
accidental,7,1.8571428571428572
accuse,3,2.0
acerbic,7,2.5714285714285716
ache,4,1.75
aching,5,2.4
acrid,4,1.25
adamant,4,2.5
addict,7,1.7142857142857142
addicted,3,2.0
adversity,3,2.3333333333333335
afraid,6,1.8333333333333333
aggravating,4,0.5
aggressive,3,2.0
aggressiveness,5,2.4
aggrieved,1,2.0
agonizing,6,0.6666666666666666
agony,5,1.6
aground,1,1.0
ailment,4,1.0
aimless,10,0.9
alarm,1,2.0
alarming,4,1.25
alienate,2,1.0
alienated,3,1.6666666666666667
alienation,12,1.75
aloof,8,1.875
ambiguity,6,2.3333333333333335
ambiguous,11,2.1818181818181817
ambivalence,4,1.25
ambivalent,4,1.75
amiss,2,2.0
anarchist,4,1.75
anarchy,2,1.5
anemic,11,1.2727272727272727
anger,11,1.6363636363636365
angry,12,1.5833333333333333
anguish,6,1.3333333333333333
annoyance,5,1.2
annoyed,1,1.0
annoying,37,0.6756756756756757
anomaly,2,2.0
antagonism,2,2.0
anxiety,4,1.75
anxious,1,2.0
apocalypse,4,2.5
appalling,6,0.5
arbitrary,4,1.5
arcane,3,1.6666666666666667
arduous,7,1.1428571428571428
arrogance,3,0.6666666666666666
arrogant,2,1.0
ashamed,1,2.0
assassin,14,1.9285714285714286
assault,6,1.3333333333333333
astray,4,1.75
atrocious,6,0.6666666666666666
atrocity,3,1.3333333333333333
attack,13,1.5384615384615385
audacious,16,2.5625
audacity,6,2.1666666666666665
austere,2,2.0
avalanche,4,1.75
avarice,3,1.0
averse,1,2.0
aversion,2,1.5
awful,48,0.3541666666666667
awfully,7,1.7142857142857142
awfulness,3,1.3333333333333333
awkward,23,1.1304347826086956
awkwardness,5,1.4
backward,4,1.0
bad,270,0.9703703703703703
badly,20,0.85
baffle,2,2.0
baffled,5,1.4
baffling,15,1.5333333333333334
balk,2,2.0
banal,17,0.8823529411764706
bankrupt,5,1.6
barbarian,4,2.0
bastard,6,1.1666666666666667
battered,4,1.75
beg,4,1.75
begging,4,1.5
belittle,3,1.3333333333333333
bemused,3,1.6666666666666667
bent,4,2.0
bestial,4,1.75
betrayal,10,1.8
beware,5,1.8
bewildered,3,2.0
bewildering,4,1.5
bewilderingly,4,2.75
bias,4,1.75
biased,9,1.2222222222222223
bickering,3,2.0
bitchy,2,0.5
biting,15,2.466666666666667
bitter,26,1.4230769230769231
bitterly,4,1.25
bizarre,34,1.8823529411764706
blab,7,1.4285714285714286
blah,3,1.3333333333333333
blame,12,1.75
bland,61,1.0163934426229508
blasphemous,7,1.1428571428571428
blatant,5,1.2
blatantly,5,1.6
bleak,18,1.0555555555555556
bleakness,3,2.0
bleed,1,2.0
blemish,3,1.6666666666666667
blind,12,1.6666666666666667
blinding,2,1.5
bloated,6,1.1666666666666667
blockage,3,2.0
bloodshed,5,2.2
bloody,14,1.7142857142857142
blow,15,1.8
blunder,4,0.75
blunt,7,1.8571428571428572
blur,1,2.0
blurry,4,1.25
bogus,9,0.8888888888888888
boil,2,2.0
boiling,4,1.75
boisterous,8,2.875
bomb,10,0.8
bombard,1,2.0
bombastic,10,1.1
bore,24,0.5833333333333334
bored,9,1.0
boredom,7,1.0
boring,68,0.9411764705882353
botch,4,1.0
bother,8,1.625
bothered,1,2.0
brainless,8,1.375
brash,7,2.2857142857142856
brat,6,1.8333333333333333
bravado,6,2.5
brazen,2,2.0
brazenly,3,1.0
breach,1,2.0
break,25,1.92
breakdown,6,1.6666666666666667
breaking,9,2.2222222222222223
breakup,4,1.75
bristle,1,2.0
brittle,7,1.1428571428571428
broke,5,2.0
broken,20,1.8
bruised,4,1.25
bruising,4,1.25
brutal,14,2.2142857142857144
brutality,4,1.75
brutally,16,1.8125
bug,3,1.6666666666666667
bully,2,1.5
bump,4,2.0
bungle,2,1.5
bungling,2,1.0
burden,4,2.0
burn,18,2.0555555555555554
burning,11,1.9090909090909092
bust,6,1.8333333333333333
byzantine,4,2.0
cackle,4,2.5
calamity,2,1.5
cancer,2,1.5
cannibal,5,1.8
capricious,3,2.0
careless,5,0.8
caricature,4,1.75
carnage,6,1.6666666666666667
cartoonish,8,1.5
castrated,4,1.25
casualty,3,2.0
catastrophic,3,1.3333333333333333
caustic,7,2.0
cautionary,13,2.076923076923077
censure,3,1.0
challenging,34,2.0588235294117645
chaos,5,1.8
chaotic,21,1.5238095238095237
chatter,2,2.5
cheap,39,1.1025641025641026
cheapen,3,1.0
cheat,6,1.8333333333333333
cheated,4,1.0
cheesy,24,1.25
childish,9,1.3333333333333333
chill,26,1.9230769230769231
chilly,14,1.7857142857142858
choke,6,1.3333333333333333
choppy,20,1.2
chore,1,1.0
clamorous,4,1.75
clash,8,2.125
cliche,61,1.3770491803278688
cliched,18,1.0555555555555556
clique,4,1.75
cloud,3,1.6666666666666667
cloudy,3,2.0
clueless,9,0.7777777777777778
clumsy,17,1.1176470588235294
clunky,8,0.875
coarse,2,1.0
cocky,5,1.6
cold,65,1.4461538461538461
collapse,4,1.5
comical,3,3.3333333333333335
commonplace,2,2.0
complain,1,1.0
complaining,1,1.0
complaint,11,1.6363636363636365
complex,54,2.537037037037037
complicated,26,2.3076923076923075
complication,15,1.7333333333333334
compulsion,4,1.75
compulsive,5,1.6
conceit,15,1.6
conceited,4,0.5
concern,14,2.2857142857142856
concerned,11,2.0
concession,5,1.8
condescending,6,1.0
condescension,6,1.5
confession,4,2.0
confined,4,1.25
conflict,30,1.9
conflicted,9,1.8888888888888888
conflicting,3,1.6666666666666667
confounded,2,2.0
confounding,1,1.0
confront,5,2.2
confrontation,3,2.0
confrontational,4,1.5
confuse,4,1.75
confused,8,1.25
confuses,2,1.5
confusing,21,0.9523809523809523
confusion,6,1.3333333333333333
conservative,11,2.272727272727273
conspicuous,5,2.0
conspicuously,1,2.0
conspiracy,16,1.875
conspirator,3,2.0
conspiratorial,2,2.5
contagious,4,2.5
contempt,4,1.5
contemptible,3,1.3333333333333333
contemptuous,1,2.0
contend,1,2.0
contentious,4,1.75
contradiction,4,2.25
contradictory,13,1.3846153846153846
contrived,58,1.0689655172413792
controversial,3,2.3333333333333335
controversy,14,2.2142857142857144
convoluted,13,0.7692307692307693
corrupt,4,1.5
corruption,4,1.5
costly,5,2.0
counterproductive,3,1.3333333333333333
cowardly,2,0.5
crack,10,2.5
cracked,3,1.6666666666666667
crafty,5,3.4
cranky,6,1.6666666666666667
crap,15,0.26666666666666666
crappy,3,0.3333333333333333
crash,5,2.0
crashing,1,2.0
crass,15,1.4
craven,9,2.0
craziness,5,1.8
crazy,36,1.8333333333333333
credulous,4,1.5
creep,7,1.7142857142857142
creeping,3,1.3333333333333333
creepy,40,1.85
crime,82,2.097560975609756
criminal,13,2.0
cringe,4,1.25
crippled,7,1.1428571428571428
crisis,17,1.7058823529411764
critic,11,2.090909090909091
critical,12,1.4166666666666667
criticism,4,1.75
criticizing,1,2.0
crook,4,2.0
crowded,1,2.0
crude,15,0.8666666666666667
cruel,21,1.3333333333333333
cruelly,4,2.25
cruelty,6,1.6666666666666667
crummy,3,0.6666666666666666
crush,10,1.7
crushed,2,1.5
crushing,2,1.5
cry,17,1.9411764705882353
culprit,4,2.25
cumbersome,6,1.0
curse,3,1.3333333333333333
cuss,4,2.0
cutthroat,3,2.0
cynical,18,1.6111111111111112
cynicism,8,1.625
damage,13,1.5384615384615385
damaged,12,1.6666666666666667
damn,18,2.1666666666666665
damned,27,2.3703703703703702
damning,11,1.8181818181818181
danger,9,1.7777777777777777
dangerous,17,1.8235294117647058
dark,119,2.0672268907563027
darker,16,1.75
darkness,7,1.7142857142857142
daunting,3,2.0
dawdle,3,1.3333333333333333
dazed,3,2.0
dead,45,1.7333333333333334
deadly,23,1.391304347826087
dearth,3,2.0
death,64,1.640625
debatable,3,2.0
debilitating,4,2.0
debt,7,1.7142857142857142
decadent,4,2.25
decay,4,2.0
deceit,6,1.3333333333333333
deception,14,1.5
deceptively,18,2.5
decline,2,1.5
decrepit,4,1.25
defensive,4,1.25
defiance,3,2.3333333333333335
defiant,6,2.0
defiantly,4,2.25
deform,4,1.25
degenerate,3,0.6666666666666666
degrading,3,2.0
delay,4,2.25
delayed,3,1.0
delinquent,4,1.25
delirious,2,3.0
delirium,2,2.0
delusion,3,1.3333333333333333
delusional,7,1.5714285714285714
demeaning,2,1.0
demise,6,1.3333333333333333
demon,6,1.8333333333333333
demonic,2,1.5
denial,9,1.4444444444444444
denied,5,2.0
dense,10,2.0
deny,1,2.0
denying,2,1.5
depraved,4,1.0
depress,2,0.5
depressed,7,1.4285714285714286
depressing,39,0.9230769230769231
depressingly,6,1.0
depression,6,1.8333333333333333
derision,4,1.75
derisive,4,0.75
desert,5,1.8
desiccated,6,0.8333333333333334
desolate,6,1.6666666666666667
despair,14,1.7857142857142858
despairing,3,2.0
despairingly,3,0.6666666666666666
desperate,14,1.5714285714285714
desperately,10,1.8
desperation,14,1.5714285714285714
despicable,4,1.25
destroy,1,1.0
destruction,8,1.5
destructive,4,0.5
desultory,3,0.6666666666666666
deterioration,3,2.0
detract,2,1.5
detriment,7,1.5714285714285714
devastated,1,1.0
devastating,24,1.9166666666666667
devastatingly,4,1.75
devastation,2,1.0
devil,3,2.0
devious,3,2.6666666666666665
deviously,1,2.0
devoid,14,1.1428571428571428
diabolical,3,2.3333333333333335
diatribe,3,2.3333333333333335
dick,6,2.0
die,20,1.75
died,2,1.0
difficult,37,1.4054054054054055
difficulty,10,1.6
dilemma,6,2.0
dim,2,1.5
dire,4,2.0
dirty,21,1.8095238095238095
disabled,2,2.0
disadvantage,2,2.0
disagree,4,2.0
disagreeable,2,1.0
disappoint,8,2.0
disappointed,9,1.5555555555555556
disappointing,15,1.0666666666666667
disappointingly,10,0.4
disappointment,15,0.5333333333333333
disappoints,3,0.3333333333333333
disapproval,2,1.5
disaster,24,0.8333333333333334
disastrous,4,0.75
disbelief,7,1.8571428571428572
discomfort,4,1.0
disconcertingly,4,1.5
discontent,5,1.8
discord,5,2.0
discordant,2,1.5
discouraging,2,1.5
disdain,4,1.25
disgrace,4,1.25
disgracefully,4,0.75
disgust,7,1.4285714285714286
disgusted,1,0.0
disgusting,8,0.0
dishonest,8,0.75
dishonesty,2,1.0
dishonorable,5,0.8
disingenuous,6,1.0
disintegrates,1,1.0
disinterest,1,0.0
disloyal,4,1.75
dismal,3,1.3333333333333333
dismally,4,1.0
dismay,4,1.0
dismissive,4,1.5
disobedience,4,2.0
disoriented,3,1.3333333333333333
disquieting,7,2.4285714285714284
disquietingly,3,1.0
disregard,8,1.75
disreputable,3,1.6666666666666667
disservice,3,1.0
dissing,2,1.5
distaste,3,0.6666666666666666
distasteful,6,0.5
distort,3,2.0
distortion,3,1.3333333333333333
distorts,2,2.0
distract,3,1.3333333333333333
distracting,5,0.8
distraction,10,2.2
distress,2,2.0
distressing,3,1.3333333333333333
distressingly,3,0.6666666666666666
disturb,3,1.6666666666666667
disturbance,2,1.0
disturbed,5,1.8
disturbing,16,1.625
disturbingly,2,1.5
dizzy,1,1.0
dogged,3,1.6666666666666667
doldrums,3,1.3333333333333333
domineering,3,1.6666666666666667
doomed,2,0.5
dope,9,2.111111111111111
doubt,19,2.0526315789473686
doubtful,1,2.0
downbeat,17,1.5294117647058822
downer,3,1.0
downfall,4,1.5
downhill,5,1.0
drab,9,0.5555555555555556
drag,39,1.3076923076923077
dragged,4,1.25
drain,6,1.5
drained,2,1.5
drastic,4,2.25
drawback,3,1.3333333333333333
dread,4,0.75
dreadful,11,0.45454545454545453
dreadfully,6,1.0
dreadfulness,3,0.6666666666666666
dreary,29,0.9310344827586207
dripping,3,1.3333333333333333
drowning,1,2.0
drunk,1,2.0
drunken,5,1.6
dubious,12,1.4166666666666667
dud,16,0.8125
dull,107,0.9626168224299065
dullard,6,1.0
dumb,69,0.855072463768116
dumped,3,1.6666666666666667
dungeon,5,2.0
dupe,2,1.0
dust,5,1.6
dusty,4,1.75
dying,14,1.5
earsplitting,1,1.0
eccentric,22,2.090909090909091
eccentricity,5,2.0
egregious,4,1.5
egregiously,3,1.0
emaciated,4,0.75
embarrassingly,3,0.6666666666666666
embarrassment,12,1.0
emergency,1,2.0
emphatic,1,3.0
emptiness,8,1.5
enemy,6,2.0
entrapment,1,3.0
erratic,10,1.3
error,10,0.9
escapade,5,2.6
estranged,3,1.0
evade,3,1.6666666666666667
evasive,2,1.0
evil,31,1.6774193548387097
exaggeration,3,2.0
exasperated,1,1.0
exasperating,3,0.6666666666666666
exasperatingly,2,1.0
excessively,7,1.5714285714285714
excruciating,10,0.6
excruciatingly,8,0.875
excuse,18,1.2777777777777777
exhausted,8,1.625
exhaustion,2,2.0
expensive,6,1.5
explode,5,1.8
exploit,7,1.8571428571428572
exploitation,21,1.2857142857142858
explosive,8,3.25
extravagant,7,2.5714285714285716
extravagantly,3,3.0
extremist,9,1.6666666666666667
facetious,4,1.5
fail,4,1.5
failed,12,1.0
failing,8,0.75
fails,25,1.08
failure,26,0.6153846153846154
faint,1,2.0
fake,18,1.4444444444444444
fall,47,1.3404255319148937
fallen,3,1.0
falling,5,2.2
false,17,1.2941176470588236
falsehood,1,2.0
falter,3,1.3333333333333333
famine,5,2.0
fanatic,8,2.25
fanatical,3,2.0
fanciful,14,2.7857142857142856
farce,23,1.7391304347826086
farcical,11,1.3636363636363635
farcically,4,1.75
farfetched,8,0.875
fat,18,1.6111111111111112
fatal,22,1.6363636363636365
fatally,5,0.8
fateful,5,2.0
fault,14,1.5714285714285714
faulty,4,1.25
fear,38,1.8421052631578947
fearful,4,1.5
feeble,7,1.1428571428571428
fell,4,1.0
ferocity,5,2.6
fetid,3,1.6666666666666667
fiasco,3,1.6666666666666667
fiction,31,2.096774193548387
fictional,7,2.2857142857142856
fiend,4,1.5
fiendish,1,2.0
fierce,15,2.466666666666667
fist,3,2.3333333333333335
flagging,3,2.0
flagrantly,3,1.0
flair,24,2.5833333333333335
flaw,38,1.2894736842105263
flawed,52,1.5
flee,5,1.6
fleeing,3,2.0
fleeting,12,1.9166666666666667
flickering,3,2.0
flimflam,3,1.6666666666666667
flimsy,9,1.4444444444444444
flirt,4,1.75
flounder,1,0.0
floundering,4,1.25
fool,11,1.4545454545454546
foolish,6,1.0
forbidden,3,2.0
forceful,9,2.3333333333333335
forged,2,2.5
forsaken,4,1.5
foul,8,1.125
fragile,8,1.875
fragmented,8,1.5
frantic,8,1.625
frazzled,3,1.6666666666666667
freak,11,1.6363636363636365
freaking,3,1.6666666666666667
freakish,3,2.3333333333333335
frenetic,3,2.0
frenzy,6,2.1666666666666665
fret,2,1.5
fried,4,2.25
friggin,6,1.6666666666666667
fright,6,1.3333333333333333
frighten,5,1.8
frightening,20,1.85
frighteningly,7,2.5714285714285716
frightful,3,1.3333333333333333
frown,3,2.0
frozen,8,1.875
frustrated,3,1.3333333333333333
frustrates,4,1.75
frustrating,31,1.2903225806451613
frustratingly,8,1.125
frustration,16,1.3125
fudge,1,2.0
fugitive,3,2.0
fumble,2,1.5
fume,4,2.5
funky,4,2.75
funny,403,2.9925558312655087
furious,3,1.6666666666666667
furiously,4,1.75
fury,4,2.0
fuss,6,1.6666666666666667
fussy,2,0.5
fusty,4,1.25
futile,6,1.1666666666666667
futility,3,1.3333333333333333
fuzzy,13,2.5384615384615383
gall,3,1.3333333333333333
gangster,27,2.037037037037037
garbage,16,0.3125
garish,4,1.25
gasp,11,2.0
gaudy,7,2.142857142857143
gawky,3,1.0
genocide,3,1.0
ghastly,6,2.6666666666666665
ghetto,7,2.0
gibberish,2,1.0
giddy,10,2.4
gimmick,10,1.8
gimmicky,6,1.5
glib,7,1.7142857142857142
gloom,2,1.5
gloomy,3,1.3333333333333333
glum,4,1.5
goofy,37,2.3513513513513513
gossip,4,2.25
graceless,9,0.7777777777777778
grainy,6,1.5
grating,18,1.2222222222222223
greasy,2,1.5
greed,4,2.0
greedy,5,1.0
grief,25,1.8
grieving,5,1.6
grievous,4,1.0
grim,13,1.4615384615384615
grimace,3,1.0
grind,6,1.6666666666666667
grisly,9,1.5555555555555556
gritty,17,2.4705882352941178
gross,13,1.2307692307692308
grossly,6,1.5
grotesque,7,0.5714285714285714
grouchy,3,2.0
gruesome,6,1.8333333333333333
grumble,2,1.5
grumpy,3,2.0
guilt,6,1.8333333333333333
guilty,18,2.111111111111111
gullible,4,2.0
gutless,3,1.0
gutter,3,1.0
hack,14,1.0
halfhearted,9,1.3333333333333333
hampered,2,2.0
handicapped,2,2.0
hang,3,2.0
haphazard,6,1.3333333333333333
harangue,3,1.3333333333333333
hard,86,2.0
hardened,7,1.7142857142857142
hardhearted,8,1.75
hardship,2,2.0
harm,6,1.8333333333333333
harmed,1,1.0
harsh,8,1.25
hastily,15,1.4
hate,29,1.1379310344827587
hated,2,0.5
hateful,4,1.75
hatred,3,1.6666666666666667
haunt,3,2.3333333333333335
haunting,20,2.4
havoc,2,1.5
haywire,3,1.3333333333333333
hazy,3,2.3333333333333335
headache,3,1.0
heartbreaking,26,2.4615384615384617
heartbreakingly,11,2.3636363636363638
heck,2,2.0
hectic,4,1.75
hedonistic,8,1.875
heedless,3,1.6666666666666667
hefty,7,2.4285714285714284
hell,30,1.3
hideous,3,0.6666666666666666
hideously,9,0.4444444444444444
hideousness,4,1.0
hiss,4,1.25
hollow,11,1.1818181818181819
hopeless,8,1.125
hopelessly,7,1.1428571428571428
horde,4,2.0
horrendously,5,0.6
horrible,26,0.46153846153846156
horrid,2,0.5
horrific,3,1.0
horrified,3,1.6666666666666667
horrifying,16,1.75
hostage,2,1.5
hostile,2,1.5
hothouse,3,2.0
huckster,4,2.0
humiliation,3,2.0
humming,5,2.4
hurt,12,1.3333333333333333
hustler,9,2.0
hype,12,1.9166666666666667
hypocrisy,5,1.4
hypocritical,7,1.0
hysteria,4,2.0
hysteric,4,1.25
idiocy,4,1.0
idiot,7,0.7142857142857143
idiotic,11,0.5454545454545454
idiotically,1,1.0
ignorant,5,1.8
ignore,7,1.7142857142857142
illiterate,1,0.0
illness,6,1.5
illogic,2,1.5
illogical,7,1.1428571428571428
illusion,5,2.0
imaginary,3,2.3333333333333335
immature,9,1.0
impair,1,2.0
impatient,3,1.6666666666666667
impatiently,5,2.0
imperfect,5,1.4
imperfection,3,1.6666666666666667
imperious,4,1.5
impersonal,9,0.8888888888888888
implausible,14,1.2142857142857142
implication,6,1.8333333333333333
impossible,39,1.6923076923076923
impossibly,5,1.8
improbability,9,1.2222222222222223
improbable,19,1.894736842105263
improbably,4,1.25
improperly,4,1.5
impudent,3,1.6666666666666667
impulsive,6,2.3333333333333335
inability,2,1.5
inactive,5,1.0
inadequate,3,1.0
inadequately,3,1.3333333333333333
inane,16,0.625
inappropriate,5,1.4
inarticulate,4,1.25
incapable,2,2.0
incessant,9,0.8888888888888888
incessantly,1,1.0
incoherence,14,1.2142857142857142
incoherent,23,0.6086956521739131
incompetent,12,1.0
incomprehensible,8,1.625
inconceivable,2,1.0
incongruous,8,1.375
inconsequential,14,1.4285714285714286
inconsistency,5,0.8
inconsistent,11,0.45454545454545453
indecent,6,2.0
indifference,6,1.0
indifferent,6,1.5
indignant,3,1.3333333333333333
indignation,3,1.6666666666666667
indulge,1,2.0
ineffective,2,0.5
inelegant,4,1.25
inept,22,0.9545454545454546
ineptitude,2,2.0
ineptly,2,1.5
inescapable,7,1.7142857142857142
inescapably,4,3.5
inevitable,15,1.8666666666666667
inevitably,7,1.8571428571428572
inexcusable,4,0.75
inexorably,1,2.0
inexperienced,9,1.6666666666666667
inextricably,1,2.0
infamy,2,1.0
inferior,4,0.75
inflammatory,5,2.2
infuriating,7,1.2857142857142858
infuriatingly,1,2.0
inhuman,5,1.0
injury,9,1.8888888888888888
injustice,7,1.5714285714285714
innuendo,9,1.7777777777777777
insane,8,2.0
insanely,13,1.7692307692307692
insanity,8,1.75
insatiable,2,2.5
insecure,6,1.3333333333333333
insecurity,4,1.75
insensitivity,4,1.0
insignificance,6,0.6666666666666666
insignificant,2,0.5
insinuating,4,2.0
insinuation,2,2.0
insouciance,1,2.0
instability,4,2.0
instigator,2,2.0
insubstantial,4,1.25
insufferable,6,0.5
insufferably,4,0.75
insufficiently,3,1.0
insular,3,2.0
insult,6,1.3333333333333333
insulted,4,1.75
insulting,10,1.0
insultingly,6,0.8333333333333334
insurrection,1,2.0
intense,25,2.92
interference,3,2.6666666666666665
intermittent,2,2.0
intolerable,9,1.0
intolerance,1,2.0
intractable,3,2.0
intrusion,3,2.0
intrusive,3,1.3333333333333333
invader,2,2.0
invisible,3,2.0
irk,4,1.5
irksome,4,1.5
ironic,17,2.235294117647059
ironically,6,2.3333333333333335
irony,23,2.0
irrational,5,1.2
irreconcilable,4,1.25
irredeemably,5,0.4
irrelevant,5,0.8
irreparable,4,1.25
irrepressible,6,2.3333333333333335
irresponsible,11,1.4545454545454546
irreversible,5,2.0
irritating,28,0.9285714285714286
isolated,3,1.6666666666666667
isolation,10,1.6
issue,50,1.9
itch,2,2.5
jaded,8,1.75
jagged,4,1.5
jam,4,2.0
jarring,8,2.5
jealous,4,1.5
jealousy,11,1.6363636363636365
jeopardy,4,2.0
jerky,1,0.0
joke,88,1.7613636363636365
joker,2,2.0
jolt,12,2.5
junk,15,0.5333333333333333
kill,10,1.9
killed,13,1.6923076923076923
killer,31,2.129032258064516
killing,8,1.625
knock,7,1.8571428571428572
kooky,3,1.6666666666666667
lack,79,1.2025316455696202
lackadaisical,1,1.0
lacked,3,1.3333333333333333
lacking,20,0.9
lackluster,16,0.9375
laconic,5,1.2
lag,2,1.0
lagging,1,1.0
lame,30,0.6
lament,1,2.0
languid,9,2.2222222222222223
languorous,13,2.076923076923077
lapse,7,1.4285714285714286
laughable,14,1.5
laughably,5,1.2
lazy,28,1.0357142857142858
leak,4,2.25
leaky,6,1.6666666666666667
lecherous,3,1.3333333333333333
leer,2,1.5
leery,3,2.0
lemon,4,2.0
lengthy,4,1.5
lethargic,5,2.4
lewd,4,2.0
liability,8,1.125
liar,4,2.0
lie,22,1.8636363636363635
lifeless,11,0.7272727272727273
limit,14,2.2142857142857144
limitation,5,1.6
limited,18,1.5
limp,13,1.3846153846153846
listless,24,1.125
loathe,2,1.0
loathsome,6,0.3333333333333333
lone,3,2.0
loneliness,10,1.5
lonely,9,1.8888888888888888
longing,15,2.533333333333333
loophole,4,1.75
loose,16,1.4375
lose,5,1.6
loser,9,1.0
loses,9,1.5555555555555556
losing,12,1.3333333333333333
loss,28,1.4642857142857142
lost,30,1.6
loud,38,1.4473684210526316
lousy,25,0.76
loveless,3,1.3333333333333333
lowly,3,1.3333333333333333
ludicrous,29,0.896551724137931
lugubrious,4,2.0
lukewarm,3,1.6666666666666667
lull,7,1.5714285714285714
lumpy,1,2.0
lunatic,11,1.7272727272727273
lurch,2,1.5
lurid,13,1.8461538461538463
lurking,3,2.0
lying,4,1.75
macabre,10,2.5
mad,7,2.0
maddening,5,1.0
maddeningly,3,0.3333333333333333
madman,5,2.0
madness,17,2.0588235294117645
maladjusted,2,2.0
malaise,6,1.1666666666666667
manic,5,2.4
manipulation,6,1.5
manipulative,35,1.457142857142857
mar,5,2.0
marginal,14,1.8571428571428572
marginally,6,2.0
massacre,8,1.625
mawkish,5,1.0
meager,4,1.0
meaningless,4,1.0
mediocre,44,1.3181818181818181
mediocrity,13,1.2307692307692308
melancholy,16,2.3125
melodramatic,44,1.5681818181818181
menace,10,1.7
menacing,6,1.8333333333333333
mercilessly,8,1.75
mess,69,0.7681159420289855
messing,4,1.5
messy,13,0.7692307692307693
mindless,26,0.8846153846153846
mire,2,2.0
misbegotten,4,1.5
miscalculation,11,1.3636363636363635
miscellaneous,2,1.5
mischievous,3,2.3333333333333335
miserable,8,0.375
miserably,2,0.5
misery,10,0.8
misfit,3,1.6666666666666667
misfortune,3,2.0
misguided,14,1.0
mishandle,1,2.0
misleading,4,1.5
miss,33,1.606060606060606
missed,20,1.65
mist,2,2.0
mistake,22,1.3181818181818181
mistaken,3,2.0
mistress,2,2.0
misunderstanding,1,2.0
misunderstood,2,2.0
misuse,2,1.0
moan,3,1.6666666666666667
mock,1,2.0
molestation,3,1.0
monotonous,9,0.8888888888888888
monotony,4,1.25
monster,42,2.0238095238095237
monstrous,10,1.4
moody,11,1.8181818181818181
mope,1,1.0
morbid,6,0.6666666666666666
mordant,4,2.25
mordantly,6,2.8333333333333335
moron,4,0.5
moronic,7,0.5714285714285714
motionless,3,1.3333333333333333
mournful,6,1.3333333333333333
mournfully,5,0.8
muddle,10,1.3
muddy,5,1.0
mundane,8,1.25
murder,34,1.8823529411764706
murderer,4,1.5
murderous,4,2.0
murky,14,0.7142857142857143
mushy,11,1.3636363636363635
musty,6,1.3333333333333333
mysterious,14,2.857142857142857
mystery,55,2.2363636363636363
myth,7,2.142857142857143
nagging,3,1.3333333333333333
naive,5,1.0
nasty,23,1.5217391304347827
naughty,9,2.0
nauseating,2,1.0
needlessly,8,0.875
needy,5,1.8
negate,2,2.0
negative,7,1.4285714285714286
negativity,1,0.0
neglect,1,1.0
neglected,2,1.0
nemesis,5,1.8
nervous,8,1.5
neurotic,8,2.0
nightmare,12,0.9166666666666666
nightmarish,7,1.4285714285714286
noise,13,1.8461538461538463
noisy,6,0.6666666666666666
nonexistent,10,1.5
nonsense,19,1.0
notorious,14,2.0
numb,2,1.0
object,7,2.2857142857142856
oblivious,1,1.0
obnoxious,23,0.8695652173913043
obnoxiously,2,0.5
obscenely,3,0.3333333333333333
obscenity,2,1.0
obscure,8,1.125
obscured,2,2.0
obsessive,9,2.0
obsessively,3,1.6666666666666667
obstacle,12,2.0
odd,49,1.8571428571428572
oddest,7,1.8571428571428572
oddity,5,2.0
oddly,28,2.607142857142857
odor,4,1.0
offend,9,1.4444444444444444
offensive,29,1.0689655172413792
ominous,2,1.5
omission,3,2.0
opposition,4,2.0
oppressive,4,2.0
oppressively,7,1.0
ordeal,4,1.5
orphan,3,1.6666666666666667
outburst,6,2.0
outrage,6,2.0
outrageous,23,2.608695652173913
outrageously,3,3.0
outrageousness,3,2.3333333333333335
outsider,3,2.0
overacted,1,1.0
overbearing,4,1.0
overblown,16,0.875
overdone,4,1.0
overdue,3,2.6666666666666665
overkill,7,1.2857142857142858
overlook,2,2.0
overrun,3,1.3333333333333333
oversimplification,2,1.5
overstated,4,1.25
overweight,3,1.6666666666666667
overwhelm,3,1.3333333333333333
overwhelmed,6,1.8333333333333333
overwhelming,13,1.6153846153846154
overwhelmingly,4,3.0
overwhelms,4,2.0
pain,26,1.4230769230769231
painful,47,1.0638297872340425
painfully,28,0.7857142857142857
pale,16,1.375
pan,3,2.0
pandemonium,2,2.0
pander,1,2.0
pandering,9,2.0
panic,4,1.75
paradoxically,7,1.8571428571428572
paralyzed,6,1.6666666666666667
paranoia,12,1.6666666666666667
paranoid,9,1.5555555555555556
parody,15,2.0
partisan,5,1.8
passe,3,1.3333333333333333
passive,2,1.5
pathetic,18,0.7777777777777778
pathetically,2,1.0
payback,4,1.75
peculiar,14,2.0
peculiarly,4,1.5
peevish,5,0.8
penalty,4,1.5
perfunctory,5,1.6
peril,7,2.142857142857143
perilously,1,1.0
perplexing,2,2.0
pervasive,10,2.2
perverse,10,1.8
perversely,1,1.0
perversity,3,1.6666666666666667
pessimism,3,1.6666666666666667
pessimistic,5,1.4
petty,2,1.0
phony,9,1.2222222222222223
pig,3,1.3333333333333333
pillage,1,2.0
pique,1,2.0
pitiful,6,0.5
pitifully,3,0.6666666666666666
pity,17,1.4705882352941178
plague,1,2.0
plea,5,1.6
plight,7,1.7142857142857142
plot,213,1.835680751173709
pointless,36,0.75
pokey,2,1.0
poky,4,1.75
pollute,1,2.0
pompous,7,0.7142857142857143
poor,40,1.175
poorly,25,0.8
posturing,7,2.0
poverty,11,1.8181818181818181
pratfall,8,1.625
precarious,5,1.8
predicament,8,2.25
prejudice,8,1.125
preposterous,15,1.1333333333333333
preposterously,4,1.25
pretence,3,3.0
pretend,7,1.8571428571428572
pretentious,50,0.88
primitive,6,1.5
prison,22,1.9090909090909092
prisoner,7,1.8571428571428572
problem,76,1.5789473684210527
problematic,17,1.411764705882353
profane,8,1.125
profanity,9,1.4444444444444444
propaganda,20,1.3
protracted,4,1.75
provocation,4,1.5
provocative,52,2.8076923076923075
provoke,6,1.8333333333333333
punch,23,2.347826086956522
punishable,3,1.3333333333333333
punitive,3,1.0
punk,10,2.0
puppet,11,1.6363636363636365
puzzled,1,2.0
puzzling,12,2.0833333333333335
quandary,4,1.75
questionable,7,1.2857142857142858
quibble,3,2.0
racism,6,1.1666666666666667
racist,8,0.75
racy,3,1.3333333333333333
radical,13,1.9230769230769231
rage,7,1.5714285714285714
ragged,4,1.25
raging,4,2.0
rail,3,2.0
rampant,4,1.5
rant,3,1.0
rape,9,1.6666666666666667
rash,3,1.3333333333333333
raving,2,2.0
reactionary,6,2.0
rebellious,2,1.0
reckless,3,1.3333333333333333
recklessness,8,1.75
redundancy,9,0.8888888888888888
redundant,15,0.6666666666666666
refusal,5,1.0
refuse,4,1.75
refused,3,1.6666666666666667
refusing,1,2.0
regret,13,1.7692307692307692
reject,1,1.0
rejected,3,1.0
rejection,1,2.0
relentless,7,1.8571428571428572
relentlessly,21,1.3333333333333333
reluctant,12,1.75
remorse,3,2.0
repetitive,18,1.0
reprehensible,3,1.0
repugnance,3,1.3333333333333333
repugnant,4,0.0
repulse,1,1.0
repulsive,7,0.2857142857142857
resentful,3,1.6666666666666667
resentment,5,1.2
resistance,8,2.625
restless,3,2.0
restrictive,4,1.25
retaliatory,3,2.0
retard,3,1.3333333333333333
retreat,7,1.8571428571428572
revenge,24,1.9583333333333333
revolting,6,0.5
revulsion,5,0.4
rhapsodize,3,2.0
rhetoric,5,2.0
ridicule,7,1.5714285714285714
ridiculous,20,0.9
ridiculously,2,1.5
rife,2,1.5
rigid,6,1.5
riled,4,2.25
rip,7,1.5714285714285714
ripoff,20,0.8
risk,12,1.8333333333333333
risky,7,1.7142857142857142
rival,4,1.75
rivalry,5,2.0
rocky,11,1.9090909090909092
rogue,2,2.0
rollercoaster,4,2.5
rot,4,1.25
rotten,1,1.0
rough,8,1.375
rubbish,1,0.0
rude,10,1.1
ruffle,2,2.0
ruin,5,1.2
ruined,9,0.6666666666666666
ruinous,2,2.0
rumbling,2,1.0
rumor,4,1.75
runaway,3,3.0
rut,4,1.5
ruthless,4,2.0
ruthlessly,4,1.5
sabotage,4,1.5
sack,7,1.1428571428571428
sacrificed,3,1.6666666666666667
sad,73,1.5753424657534247
sadly,9,1.0
sadness,17,2.0588235294117645
sag,6,1.5
salacious,3,2.0
sanctimonious,6,1.1666666666666667
sap,7,1.5714285714285714
sardonic,12,1.9166666666666667
satirical,22,2.090909090909091
savage,5,2.0
savaged,1,2.0
scam,3,0.6666666666666666
scandal,8,1.75
scandalous,4,1.75
scant,2,1.0
scar,3,2.0
scarcely,5,1.2
scare,13,2.0
scared,3,2.0
scarier,9,1.5555555555555556
scariest,7,2.142857142857143
scarily,3,2.6666666666666665
scary,48,1.9791666666666667
scathing,6,2.1666666666666665
scathingly,2,3.0
scorchingly,3,1.6666666666666667
scorn,6,1.6666666666666667
scrap,2,1.5
scratch,15,2.0
scream,15,1.6666666666666667
screwed,4,1.25
screwy,4,2.0
scum,4,0.75
scummy,3,0.6666666666666666
seedy,2,1.5
sensationalize,3,2.0
senseless,3,1.0
seriousness,6,2.3333333333333335
sermonize,3,2.0
servitude,2,2.0
sever,6,2.0
severe,11,1.0909090909090908
shabby,6,0.6666666666666666
shadowy,11,2.272727272727273
shake,25,1.96
shaky,3,1.0
shallow,32,1.0625
sham,5,1.4
shame,18,1.3333333333333333
shameful,2,1.0
shamefully,1,1.0
shameless,5,1.0
shamelessly,8,1.75
shark,4,2.0
sharply,3,3.3333333333333335
shimmer,3,2.3333333333333335
shiver,5,2.0
shock,35,2.0285714285714285
shocked,4,2.0
shocking,16,1.6875
shockingly,6,2.0
shoddy,6,0.8333333333333334
shortage,2,1.5
shortcoming,6,1.3333333333333333
shortness,4,1.25
showdown,5,2.2
shriek,4,2.25
shrill,12,1.8333333333333333
shrug,2,2.0
sick,29,1.2758620689655173
sickening,10,1.5
sickeningly,3,1.6666666666666667
sickly,3,1.0
siege,7,1.8571428571428572
silly,103,1.6019417475728155
simplistic,31,1.6774193548387097
sin,10,1.6
sinister,9,2.3333333333333335
sink,20,1.35
skeptic,1,1.0
sketchy,6,1.5
skimpy,3,1.6666666666666667
skinny,4,2.0
skittish,2,2.0
slack,14,1.3571428571428572
slap,16,1.625
slave,2,2.0
sleazy,7,1.2857142857142858
slog,5,1.0
sloppily,4,0.75
sloppy,37,0.972972972972973
slow,68,1.25
slowed,2,2.0
slowest,3,1.6666666666666667
slowly,16,2.125
sluggish,15,0.8666666666666667
slump,2,1.0
slur,3,1.3333333333333333
sly,15,2.8666666666666667
smack,5,1.8
smash,10,2.3
smear,3,1.3333333333333333
smell,2,2.0
smoke,3,2.3333333333333335
smug,17,1.0
smugly,2,1.0
smutty,4,1.75
snagged,2,2.5
sneak,5,2.2
sneaky,6,2.0
sneer,3,1.6666666666666667
sneering,3,2.0
soapy,5,2.6
sober,5,2.2
sobering,15,2.6666666666666665
solemn,12,2.0
somber,21,1.8095238095238095
sorely,7,1.2857142857142858
sorrow,4,1.75
sorrowful,3,1.6666666666666667
sorrowfully,1,1.0
sorry,7,1.8571428571428572
sour,13,1.0769230769230769
spade,6,2.0
spews,2,1.0
spiritless,3,1.3333333333333333
spite,6,2.1666666666666665
spiteful,5,1.0
splatter,4,1.5
split,2,2.0
splitting,5,2.2
spoil,4,1.25
spook,4,2.0
spookily,4,2.25
spooky,24,2.5
sporadic,5,2.2
spotty,3,1.0
sputter,4,1.25
squabbling,3,2.0
squander,2,1.5
squirm,3,2.0
stab,4,1.5
stagnation,3,1.3333333333333333
staid,3,1.3333333333333333
stain,3,1.6666666666666667
stale,26,1.0769230769230769
stall,1,1.0
stammer,3,1.6666666666666667
stark,9,2.4444444444444446
startle,4,2.5
startling,16,2.4375
static,16,1.375
steal,12,2.1666666666666665
stealing,5,2.0
stench,3,1.0
stereotype,16,1.5625
stereotypical,10,1.0
stern,3,2.0
stew,6,2.1666666666666665
sticky,7,1.5714285714285714
stiff,11,1.3636363636363635
stifle,3,1.3333333333333333
stifling,3,1.6666666666666667
stiflingly,1,1.0
sting,10,1.8
stinging,3,2.0
stink,9,0.7777777777777778
stodgy,2,0.5
stormy,3,2.0
strain,19,1.736842105263158
strained,7,1.2857142857142858
straining,1,2.0
strange,56,2.107142857142857
strangely,21,2.142857142857143
stranger,7,2.142857142857143
strangest,4,2.0
strenuous,2,1.5
stress,4,1.25
stricken,4,2.0
strict,6,2.1666666666666665
strictly,11,2.0
strident,3,1.6666666666666667
strike,17,2.1176470588235294
stringently,2,2.0
struck,3,2.0
struggle,18,1.8888888888888888
struggled,3,1.3333333333333333
struggling,8,1.375
strut,4,2.75
stubborn,3,2.0
stubbornly,2,1.5
stuck,7,1.8571428571428572
stuffy,7,0.8571428571428571
stumble,4,1.75
stunt,34,2.0294117647058822
stupid,61,0.6229508196721312
stupidity,9,0.7777777777777778
stuttering,4,1.25
stymied,1,2.0
subjected,1,2.0
subjugate,2,2.5
subordinate,7,1.2857142857142858
substandard,2,1.0
subversive,16,2.3125
succumb,5,2.0
suck,23,1.434782608695652
sucked,5,0.8
sucker,10,1.4
suffer,5,1.2
suffered,5,1.4
suffering,14,1.4285714285714286
suffers,4,1.75
suffocate,1,1.0
sugarcoated,5,1.6
suicidal,2,1.5
suicide,3,1.6666666666666667
sunk,1,1.0
superficial,28,1.3571428571428572
superficiality,11,1.5454545454545454
superficially,5,1.2
superfluous,5,0.8
suppression,2,2.0
surrender,6,1.5
susceptible,3,2.3333333333333335
suspect,8,2.0
suspiciously,3,1.3333333333333333
swagger,5,1.8
sweaty,3,2.0
swipe,3,2.0
symptom,4,2.0
taboo,7,1.7142857142857142
tacky,7,1.2857142857142858
tainted,1,1.0
tangled,6,2.0
tank,9,1.3333333333333333
tattered,8,1.625
taunt,3,1.6666666666666667
taut,11,2.8181818181818183
tawdry,12,1.3333333333333333
tease,3,2.3333333333333335
tedious,45,0.9555555555555556
tediously,8,1.125
temper,1,2.0
temptation,4,2.25
tenderness,3,2.3333333333333335
tense,10,2.3
tension,42,2.0238095238095237
tentative,2,2.5
tepid,11,1.0909090909090908
terrible,36,0.6666666666666666
terribly,15,1.2
terror,10,1.7
terrorism,11,1.8181818181818181
thankless,4,1.5
thirst,3,2.6666666666666665
thoughtless,3,1.0
thoughtlessly,4,1.0
threat,9,2.0
throbbing,3,2.6666666666666665
timid,8,1.5
tired,61,0.9180327868852459
tiresome,25,1.16
tiring,4,0.5
topple,3,1.6666666666666667
torment,4,1.0
tormented,5,1.8
torrent,3,3.0
tortuous,3,1.3333333333333333
torture,8,0.75
tortured,16,1.375
torturing,2,1.0
totalitarian,6,1.8333333333333333
tout,9,2.0
toxic,3,1.6666666666666667
tragedy,68,1.6911764705882353
tragic,39,1.641025641025641
tragically,7,2.142857142857143
transgression,2,2.0
trap,8,1.875
trapped,3,1.0
trash,21,0.8095238095238095
trashy,16,1.625
travesty,4,0.75
treachery,2,1.5
trick,36,2.0833333333333335
trickery,4,1.5
tricky,5,2.2
trivialize,3,1.6666666666666667
trouble,22,1.7272727272727273
troubled,3,1.3333333333333333
troubling,6,1.8333333333333333
tumultuous,5,2.4
turbulent,8,2.625
turmoil,4,1.5
twist,68,2.4411764705882355
twisted,25,1.88
ugh,1,1.0
uglier,4,1.0
ugliness,5,0.6
ugly,48,0.7083333333333334
unable,3,1.6666666666666667
unacceptable,4,0.5
unappealing,3,0.0
unattractive,4,1.25
unbearable,10,0.7
unbelievable,9,1.5555555555555556
unbelievably,4,1.0
uncertain,13,1.5384615384615385
unclean,4,1.0
unclear,3,1.0
uncomfortable,13,1.0769230769230769
uncomfortably,12,2.25
uncompromising,20,2.2
unconvincing,16,0.8125
uncouth,1,2.0
uncreative,3,1.0
undercut,4,1.25
underdog,5,2.0
undermine,1,2.0
undermined,1,2.0
undermines,2,2.0
undermining,1,2.0
undone,2,1.0
unease,3,1.0
uneasily,2,1.0
uneasy,12,1.25
uneven,40,1.35
uneventful,9,1.0
unexpected,42,2.3333333333333335
unexpectedly,17,3.0588235294117645
unexplained,3,2.0
unfairly,3,1.6666666666666667
unfaithful,14,1.9285714285714286
unfamiliar,4,1.75
unfinished,5,1.0
unfortunate,4,1.25
unfortunately,4,1.0
unfulfilled,6,1.0
unhappily,1,1.0
unhappiness,3,1.6666666666666667
unhappy,9,1.1111111111111112
unimaginable,6,1.3333333333333333
unintelligible,1,2.0
unknown,8,2.0
unlikely,15,2.0
unnatural,3,2.0
unnecessary,21,1.0476190476190477
unnerving,18,2.3333333333333335
unnoticed,4,1.75
unorthodox,2,2.0
unpleasant,23,0.6956521739130435
unpredictable,18,2.888888888888889
unprepared,6,1.3333333333333333
unqualified,3,2.0
unreachable,2,1.5
unrealistic,3,0.6666666666666666
unrelenting,5,1.6
unrelentingly,7,1.1428571428571428
unresolved,2,2.0
unruly,3,2.3333333333333335
unsavory,2,1.5
unseemly,4,2.25
unsettled,3,1.3333333333333333
unsettling,52,1.8076923076923077
unsophisticated,2,0.5
unspeakable,4,1.75
unstable,4,2.0
unsteady,4,1.5
unsuccessful,5,0.4
unsuccessfully,2,1.0
unsure,1,2.0
unsuspecting,6,1.6666666666666667
unthinkable,3,2.0
unusual,30,2.4
unusually,14,2.2857142857142856
unwatchable,6,0.0
unwieldy,4,1.25
unwillingness,1,2.0
upheaval,4,2.0
uproar,2,2.0
uproarious,2,2.5
uproariously,1,2.0
upset,4,1.75
upsetting,7,1.7142857142857142
urgent,5,2.2
useless,9,0.8888888888888888
usurp,2,2.0
utterly,35,1.6285714285714286
vague,14,1.7857142857142858
vagueness,2,1.5
vain,8,1.625
vainly,3,1.3333333333333333
vanity,13,1.4615384615384615
vengeance,3,1.6666666666666667
vengefulness,3,1.3333333333333333
vent,3,1.6666666666666667
vexing,4,2.0
vice,9,1.8888888888888888
vicious,7,1.2857142857142858
vile,7,0.42857142857142855
villainous,5,1.6
violent,27,1.5185185185185186
violently,3,1.3333333333333333
virulent,5,1.4
virulently,4,0.75
volatile,5,2.0
vulgar,22,1.2272727272727273
vulnerable,6,2.3333333333333335
wail,2,2.0
wane,7,1.1428571428571428
wanton,3,1.6666666666666667
warned,5,1.6
warning,21,1.8571428571428572
warped,2,1.0
wary,3,1.6666666666666667
waste,29,0.3793103448275862
wasted,16,0.9375
wasting,2,1.0
wayward,6,2.0
weak,26,1.1153846153846154
weakness,13,1.9230769230769231
wearisome,4,0.75
weary,5,1.2
wedge,1,2.0
weep,7,2.142857142857143
weird,37,1.7837837837837838
weirdly,9,2.7777777777777777
whimper,7,1.2857142857142858
whine,2,2.0
whining,4,1.0
whiny,6,1.0
wicked,7,3.142857142857143
wickedly,11,2.909090909090909
wild,41,2.4146341463414633
wildly,37,2.135135135135135
wince,4,2.0
woe,1,1.0
woefully,9,1.2222222222222223
worn,5,1.0
worried,3,1.3333333333333333
worry,8,2.0
worrying,1,2.0
worse,38,1.0263157894736843
worst,57,0.7192982456140351
worthless,5,0.4
wound,11,1.8181818181818181
wrath,3,2.0
wreak,2,1.5
wreaked,3,1.0
wreaks,2,2.0
wreck,9,1.0
wretched,3,0.3333333333333333
wretchedly,3,0.3333333333333333
wrinkle,3,2.0
wrong,57,1.5087719298245614
wrought,2,2.5
yawn,4,1.25
zap,3,2.0
zealously,4,2.0
zombie,6,2.0
